mode,effective,L1,L2,L3,RAM
sequential,1.5361850000000001,,,,
random,,16.277250000000002,16.5275,17.4099,17.4824
random_precomputed,,1.621155,1.52998,1.51766,1.592225
